Date,Time,Chamber A-1 Water%,Chamber A-1 Voltage(V),Chamber A-1 Current(A),Chamber A-1 Temp(C),Chamber A-1 SoC(%),Chamber A-2 Water%,Chamber A-2 Voltage(V),Chamber A-2 Current(A),Chamber A-2 Temp(C),Chamber A-2 SoC(%),Chamber B-1 Water%,Chamber B-1 Voltage(V),Chamber B-1 Current(A),Chamber B-1 Temp(C),Chamber B-1 SoC(%),Chamber B-2 Water%,Chamber B-2 Voltage(V),Chamber B-2 Current(A),Chamber B-2 Temp(C),Chamber B-2 SoC(%),Chamber C-1 Water%,Chamber C-1 Voltage(V),Chamber C-1 Current(A),Chamber C-1 Temp(C),Chamber C-1 SoC(%),Chamber C-2 Water%,Chamber C-2 Voltage(V),Chamber C-2 Current(A),Chamber C-2 Temp(C),Chamber C-2 SoC(%)
8/5/2026,08:00:00,81.3,12.27,4.76,33.2,83.9,68.8,11.81,4.49,35.7,72.8,89,12.52,5.21,31.3,92.7,59,11.58,4.05,37.8,63.3,44.1,11.13,3.3,43.4,46.6,74.8,11.98,4.51,32.6,78
8/5/2026,08:05:00,80.4,12.21,5.01,34.3,84.9,67.9,11.84,4.21,36.7,71.3,88.5,12.44,5.33,30.3,94.3,58.8,11.49,3.89,38.1,61.2,42.7,11.03,3.12,42.1,45.1,73.7,11.97,4.75,34,76.2
8/5/2026,08:10:00,80.4,12.21,4.89,34.5,84.3,66.8,11.78,4.37,36.8,70.2,88.2,12.45,5.31,30,91.6,58.4,11.5,3.95,37.9,60.8,41.4,11.08,3.1,43.6,43.1,72.7,12.01,4.68,34.1,75.4
8/5/2026,08:15:00,79.2,12.17,4.85,34,82.7,66.3,11.8,4.37,36.9,68.7,87.9,12.42,5.27,30.5,92.8,57.2,11.51,3.9,38.7,58.9,41.2,11.03,3.04,43.6,41.8,71.8,11.99,4.61,33,74
8/5/2026,08:20:00,78.7,12.18,4.8,33.8,82.9,65.9,11.81,4.3,37.6,70.1,87,12.46,5.14,31.1,90,56.1,11.47,3.76,38.5,59.7,40.7,11,3.05,43.1,43.1,70.7,11.96,4.48,33.5,75.3
8/5/2026,08:25:00,78.4,12.16,4.81,34.7,82.1,65.1,11.78,4.4,37.2,69.1,85.9,12.41,5.16,30.8,91,55.8,11.53,3.9,39.4,59.5,39.4,11.05,3.22,42.6,42.8,69.9,11.98,4.59,32.7,72
8/5/2026,08:30:00,77.9,12.19,4.91,32.8,81.4,64.8,11.77,4.29,36.5,68.5,85.4,12.4,5.12,31.1,89.7,54.9,11.45,3.88,38.9,58.8,38.9,11,3.06,42.4,42.2,69.6,11.97,4.43,33,73.1
8/5/2026,08:35:00,77.4,12.12,4.99,33.3,81,63.9,11.77,4.14,37.7,66.6,84.7,12.43,5.3,31.9,88.1,53.5,11.46,3.83,38.9,55.6,37.9,10.99,3.17,42.7,39.1,68.6,11.87,4.44,33.2,72.6
8/5/2026,08:40:00,76.8,12.2,4.74,33.8,80.5,63.2,11.76,4.15,37.4,65.5,84.3,12.42,5.2,31.4,88.7,52.8,11.41,3.94,38.8,55.5,37.1,10.92,3.23,42.2,39.8,67.7,11.92,4.66,33.3,70.8
8/5/2026,08:45:00,76.4,12.1,4.96,34.3,80.7,63,11.74,4.39,36.9,66.9,84,12.36,5.1,31.4,88,52.2,11.4,3.89,39.1,55.4,36.5,10.92,2.94,43.7,38.2,67.2,11.9,4.45,33.3,70.1
8/5/2026,08:50:00,76.2,12.17,4.97,33.7,81.4,62,11.64,4.34,36.3,65.8,84.3,12.36,5.26,31.8,89.7,51.5,11.41,3.74,39.5,52.6,34.8,10.96,3.13,42.5,35.2,66.6,11.83,4.44,33.1,70.3
8/5/2026,08:55:00,75.6,12.13,4.82,34.5,78.2,60.9,11.72,4.25,36.7,65.1,83.6,12.39,5.37,32.3,89.2,51.2,11.43,3.81,38.8,53.5,34.3,10.9,3.11,42.9,36,66.3,11.9,4.54,33.9,70.1
8/5/2026,09:00:00,74.3,12.15,4.75,34.8,77.1,58.5,11.6,4.26,36.6,60.5,82.8,12.41,5.11,31.3,87.9,50,11.35,3.78,39.2,52,30.7,10.86,2.94,43.9,32.5,65.1,11.83,4.6,33.1,68.1
8/5/2026,09:05:00,72.7,12.09,4.91,34.2,75.5,55.2,11.54,4.01,37.9,57.8,80.2,12.31,5.24,31,84.7,49.3,11.33,3.81,39.1,51.9,28.4,10.79,3.1,44.2,29.6,63.7,11.78,4.53,34.3,66.5
8/5/2026,09:10:00,70.8,12.08,4.73,33.5,74.6,52.5,11.48,4.16,38.1,54.2,79.7,12.27,5.24,32.2,82.4,46.7,11.35,3.93,39,50.3,30.9,10.83,3.05,43.4,33.2,61.1,11.76,4.28,34.6,62.9
8/5/2026,09:15:00,70,12.03,4.59,33.6,73.2,50.9,11.46,3.97,37.3,53.2,77.2,12.22,5.14,31,81.1,46.6,11.27,3.85,38.8,49.9,33.5,10.9,3.12,44,34.9,58.9,11.69,4.49,33.3,61.7
8/5/2026,09:20:00,68.5,12,4.73,35.3,72.2,48.6,11.45,4.11,38.2,51.8,75.3,12.23,5.13,32.2,79.2,44.3,11.27,3.84,39.7,47,35.8,10.9,2.95,42.3,36.8,57.9,11.69,4.44,35.3,59.6
8/5/2026,09:25:00,67.3,11.98,4.82,33.8,70.3,47.7,11.4,4.18,38.1,51.5,73.6,12.24,4.97,32.8,78.3,43.9,11.22,3.88,39.8,47.6,38.1,10.95,3.03,43.1,39.8,56.2,11.65,4.22,35.2,60
8/5/2026,09:30:00,64.5,11.96,4.78,35.8,68.8,45.6,11.39,4.04,37.6,49.1,71.6,12.13,4.94,32.3,75.4,41,11.21,3.8,38.8,43.3,40.7,10.99,3.06,43.4,43,54.9,11.63,4.44,34.7,57.6
8/5/2026,09:35:00,63.3,11.89,4.64,35.4,66.3,44,11.33,3.86,39.4,47.4,70.8,12.15,4.92,32.5,74.3,39.6,11.22,3.8,40.2,42.2,43.1,11.04,3.17,43.1,46,52.8,11.62,4.18,35.7,55.7
8/5/2026,09:40:00,62.5,11.86,4.71,34.6,65.4,42,11.32,4.03,39.4,43,68.9,12.12,4.88,31.6,73.8,38.7,11.22,3.62,39.1,39.9,45.4,11.16,3.19,42.9,47.7,51.9,11.57,4.4,34.2,54.1
8/5/2026,09:45:00,60.7,11.85,4.47,35.1,63.9,40.3,11.27,4.04,38.7,43.5,67.6,12.1,4.88,32.4,69.6,37.6,11.19,3.57,39.1,38,48.1,11.18,3.25,42.9,50.7,50.6,11.54,4.22,34.8,53.8
8/5/2026,09:50:00,60.1,11.83,4.69,35.7,62.7,39.3,11.26,3.91,38,41.9,66,12.09,4.9,33.2,69.1,36.5,11.11,3.73,40.6,37.2,50.6,11.21,3.33,42.5,53.6,50.4,11.53,4.32,35.6,52.4
8/5/2026,09:55:00,59.7,11.88,4.5,34.2,62.7,36.5,11.22,3.82,38.9,39.3,65.5,12,4.87,33.2,67.4,34.7,11.08,3.49,40.8,37.7,53.1,11.21,3.3,42.6,56,48.1,11.5,4.36,34.5,51.7
8/5/2026,10:00:00,57.8,11.78,4.62,36.3,60.9,34.7,11.2,3.92,39.4,37.2,64,12.06,4.99,33.3,67.8,32.6,11.08,3.51,41,34.7,55.5,11.27,3.37,41.4,57.7,45.9,11.49,4.23,34.8,48.1
8/5/2026,10:05:00,56.9,11.76,4.51,35.6,59.2,31.7,11.15,3.81,38.8,32.9,63.1,12.05,4.97,32.9,66.2,31.5,11.07,3.65,40.5,34.1,58.1,11.32,3.19,40.5,62.4,43.9,11.44,4.11,35.6,45.8
8/5/2026,10:10:00,55.5,11.74,4.5,35.3,57.4,29.8,11.07,3.64,40.5,32.4,61,11.97,4.93,32.7,62.6,29.3,11,3.58,39.8,30.2,60.4,11.37,3.42,40.4,62.7,42.1,11.46,4.25,36.1,42.7
8/5/2026,10:15:00,54,11.75,4.42,36.3,56.7,32.2,11.18,3.71,39.2,35,58.5,11.91,4.75,32.9,62.7,31.7,11.03,3.45,41,34.1,62.9,11.42,3.4,41.8,65.8,39.9,11.41,4.18,34.9,40.9
8/5/2026,10:20:00,52.1,11.73,4.45,34.9,55.7,34.8,11.2,3.86,40.1,36,57,11.87,4.93,33.3,61.2,34.1,11.05,3.66,39.4,35.4,65.3,11.43,3.26,40.8,68.7,38.6,11.36,4.03,36.8,39.9
8/5/2026,10:25:00,50.4,11.65,4.47,36.6,54.2,37.5,11.27,3.81,38.1,38.5,55.5,11.83,4.76,32.8,59,36.5,11.16,3.51,39.4,37.1,67.8,11.56,3.3,39.7,70.2,36.4,11.32,3.98,36.4,38.3
8/5/2026,10:30:00,48.7,11.62,4.25,36.3,49.8,40,11.29,3.85,39.4,41.3,53.7,11.87,4.63,33.6,56,38.8,11.13,3.71,40.7,40,70.2,11.55,3.57,41,72.7,35.7,11.29,4.12,36.1,36.3
8/5/2026,10:35:00,47.3,11.59,4.41,35.4,49.6,42.7,11.29,4.1,38.3,45.1,52.3,11.84,4.7,33.1,54.1,41.3,11.19,3.66,40.1,43.6,72.6,11.57,3.39,40.5,77.1,34.9,11.27,3.92,35.6,35.6
8/5/2026,10:40:00,45.4,11.57,4.36,36,47.9,45.2,11.43,4.16,38,48.7,50.1,11.74,4.56,33.8,53.1,43.7,11.24,3.76,39.2,46.1,75.3,11.7,3.38,40.2,77.8,33.3,11.29,4.09,35.6,36.2
8/5/2026,10:45:00,44.8,11.58,4.24,37,46.6,47.7,11.4,4.05,38.9,49.4,48.6,11.7,4.72,34.8,49.8,46.4,11.31,3.8,40.1,47.7,77.8,11.69,3.46,40.7,80.7,32.4,11.2,4.03,36.4,34.6
8/5/2026,10:50:00,43.4,11.48,4.18,36.6,46.7,50.3,11.43,4.19,38.9,53.1,47.9,11.67,4.63,34.6,49.5,49,11.36,3.78,38.7,51.2,80.3,11.74,3.51,40.3,83.1,31.7,11.22,3.99,35.5,32.1
8/5/2026,10:55:00,41.8,11.52,4.29,36.5,44.1,52.7,11.57,4.17,37.6,54.7,46.7,11.69,4.74,33.4,49.4,51.3,11.45,3.8,38.7,53.5,83,11.82,3.68,38.6,86.9,29.7,11.17,3.91,37.3,30
8/5/2026,11:00:00,40.3,11.47,4.22,37,42.1,55.4,11.56,4.07,38,57.1,45.3,11.68,4.64,33.5,47.9,53.8,11.46,3.84,37.7,55.9,85.5,11.8,3.56,39.8,89.5,32.1,11.24,4.1,37.2,33.6
8/5/2026,11:05:00,39.8,11.5,4.4,37.3,40.9,57.9,11.62,4.24,36.7,59.7,43.8,11.63,4.56,35.5,47.5,56.2,11.45,3.83,37.9,58.6,88.1,11.85,3.57,39.9,91.4,34.6,11.28,4.03,35.6,37.5
8/5/2026,11:10:00,38.4,11.47,4.26,37.3,39.6,60.4,11.64,4.21,37.9,64.7,42.3,11.56,4.68,34.8,44.1,58.9,11.59,3.84,38.6,62.7,90.8,11.88,3.77,38.9,96.3,37.2,11.32,4.05,35.4,38.9
8/5/2026,11:15:00,37,11.37,4.22,37.5,39.3,63,11.68,4.39,36.8,67.2,41.2,11.6,4.66,35.2,44.2,61.3,11.63,3.87,37.4,63,93.4,11.99,3.64,38,96.6,39.5,11.34,4.07,34.9,40.4
8/5/2026,11:20:00,36.9,11.36,4.14,37.7,37.8,65.6,11.76,4.19,35.9,67.6,40.4,11.52,4.46,35.7,42.9,64,11.6,3.91,37.5,66.2,95.8,12.02,3.85,37.8,100,41.9,11.41,4.14,36.3,42.6
8/5/2026,11:25:00,35.9,11.36,4.26,37.1,38.8,68.3,11.83,4.23,35.6,73,38.8,11.49,4.4,34.7,40.4,66.6,11.68,3.91,38.7,69.8,93.2,11.94,3.8,37.9,96.4,44.6,11.42,4.06,36.4,47.3
8/5/2026,11:30:00,34.8,11.33,4.17,36.3,35.7,70.9,11.87,4.33,36.7,74.1,38,11.5,4.58,34.6,39.5,69.1,11.76,4.1,37.2,73.6,89.4,11.86,3.59,38.1,94.2,47.1,11.48,4.2,35,48.4
8/5/2026,11:35:00,32.2,11.28,4.04,37.5,34.3,73.6,11.86,4.4,36.1,76.5,36.7,11.49,4.51,36,39.4,71.6,11.8,4.22,36.3,76.2,86.4,11.88,3.64,39,91.5,49.4,11.58,4.1,35.6,52.8
8/5/2026,11:40:00,32,11.3,4.29,36.6,35,76.2,11.98,4.42,35.6,81.5,34.9,11.48,4.54,35.6,36.7,74.2,11.84,4.2,36.4,78.9,84.8,11.82,3.59,39.3,89.3,52.1,11.6,4.41,34.7,54.8
8/5/2026,11:45:00,29.8,11.24,3.98,37.6,29.8,78.8,12.04,4.42,36.6,81.7,33.5,11.47,4.5,36.1,35.9,76.6,11.85,4.07,36.9,80.3,82.6,11.83,3.66,38.7,87.5,54.6,11.65,4.2,35.2,58.5
8/5/2026,11:50:00,32.3,11.3,4.16,38.3,34.8,81.2,12,4.64,35.1,85.1,32.8,11.44,4.26,36.3,35.8,79,11.95,4.25,37.7,83.9,79.7,11.75,3.69,40.1,82.3,57.2,11.72,4.28,33.5,59.1
8/5/2026,11:55:00,34.7,11.36,4.1,37.1,35.9,83.6,12.07,4.58,35.2,87.6,30.8,11.42,4.38,36.1,33.1,81.7,11.97,4.28,37.3,85.5,78.6,11.69,3.6,40,82.5,59.8,11.74,4.32,35,62.8
8/5/2026,12:00:00,37.1,11.39,4.32,36.2,38.7,85.9,12.18,4.63,35.6,89.1,29.6,11.35,4.45,36.6,31.9,84,11.97,4.36,36.3,89.2,77.1,11.67,3.46,39.8,82.4,62.3,11.76,4.44,33.1,65.8
8/5/2026,12:05:00,39.6,11.47,4.31,37.3,40.4,88.3,12.21,4.59,35.3,93.8,32.2,11.36,4.47,34.5,33.6,86.3,12.07,4.38,36.6,91.8,75.2,11.67,3.66,39.5,78.6,64.8,11.88,4.35,33.6,66.8
8/5/2026,12:10:00,42.1,11.54,4.22,36.1,44.5,90.8,12.2,4.64,34.3,95.8,34.8,11.42,4.56,34.4,35.9,88.8,12.08,4.49,34.9,93.9,73.1,11.64,3.49,39.4,76.1,67.4,11.93,4.64,33.5,69.4
8/5/2026,12:15:00,44.8,11.55,4.46,35.7,47.9,93.3,12.25,4.79,33.9,97.7,37.3,11.49,4.43,35.5,40.4,91.3,12.12,4.34,35.1,97.2,69.6,11.59,3.5,40.3,71.7,69.8,11.9,4.47,34.2,74.1
8/5/2026,12:20:00,47.1,11.57,4.33,36.9,50.8,95.8,12.29,4.77,35.1,100,40,11.51,4.46,33.9,43.4,93.7,12.16,4.31,34.6,97.4,67.6,11.54,3.33,40.9,70,72.5,12.01,4.68,33,77.5
8/5/2026,12:25:00,49.7,11.63,4.32,36.1,52.6,94.2,12.3,4.64,33.5,99.6,42.5,11.57,4.67,35.1,45.8,96.3,12.22,4.35,36.2,100,64.5,11.44,3.43,41.1,68.7,74.9,12.02,4.51,33.1,80.1
8/5/2026,12:30:00,52.4,11.65,4.57,36,55.8,92.3,12.23,4.76,35.6,96.6,45,11.66,4.56,34.6,47.7,93.7,12.22,4.55,36.5,99.6,61.6,11.4,3.49,40.1,65.9,77.3,12.11,4.56,33.8,81.3
8/5/2026,12:35:00,55,11.74,4.5,34.8,57.1,89.8,12.2,4.53,35.5,95.2,47.6,11.69,4.63,34.8,50.3,93.2,12.17,4.52,35.7,96.6,58.6,11.34,3.28,41.2,60.4,79.8,12.17,4.76,33.2,84.3
8/5/2026,12:40:00,57.5,11.75,4.4,35.6,60.5,88.2,12.14,4.73,34.9,93.5,50,11.76,4.6,34,53.3,91,12.17,4.49,36.3,96.4,56.3,11.28,3.31,40.6,57.7,82.3,12.14,4.69,32,85
8/5/2026,12:45:00,60.1,11.82,4.56,35.2,63.3,86,12.19,4.66,34.5,89.7,52.6,11.81,4.79,33.8,55.4,88.3,12.07,4.22,36,93.3,54.1,11.3,3.24,41.9,55.6,84.8,12.25,4.68,32.4,90.3
8/5/2026,12:50:00,62.6,11.9,4.74,34.1,64.6,83.7,12.07,4.48,35.1,89.3,55.1,11.83,4.84,33.5,57.3,86.1,12.05,4.44,36,89.9,50.6,11.21,3.09,42.5,53.6,87.4,12.24,4.85,32.6,90.9
8/5/2026,12:55:00,65,11.9,4.79,34.5,68.9,82.5,12.05,4.49,35.1,87.6,57.7,11.89,4.79,32.7,61.6,83.7,12.02,4.37,35.7,88.4,47.9,11.16,3.27,41.5,50,89.8,12.35,4.89,32.7,94.9
8/5/2026,13:00:00,67.3,12.02,4.62,34.4,69.8,80.5,11.99,4.45,34.7,84.1,60.3,11.93,4.86,32.4,62.6,82.7,12.01,4.39,36.2,86.8,45.2,11.13,3.29,41.5,46,92.3,12.38,4.8,32.3,95.5
8/5/2026,13:05:00,70,12,4.78,34.6,72.3,77.9,11.99,4.4,35.5,82.7,62.9,11.98,4.89,33.7,65.9,81.9,11.96,4.21,36,86.4,44.1,11.06,3.15,43.3,45.7,95,12.4,4.84,31.7,98.4
8/5/2026,13:10:00,72.4,12.04,4.66,34.2,76.7,75.9,11.94,4.59,36.4,78.2,65.4,12.09,5.01,32.2,68.3,80.2,11.96,4.36,37.2,85.2,42.6,11.1,3.06,42.6,46,97.6,12.41,5.06,31.8,100
8/5/2026,13:15:00,74.8,12.12,4.91,34.8,78,72.9,11.92,4.36,35.6,76.7,67.8,12.07,5.08,32.8,70.8,77.9,11.89,4.18,36.3,82.9,39.9,10.99,2.97,41.9,43.2,96.3,12.47,5.05,31.1,100
8/5/2026,13:20:00,77.5,12.2,4.87,33.2,80.8,71.2,11.83,4.34,36.8,73.4,70.3,12.14,5.1,32.4,72.5,76.5,11.82,4.19,36.4,78.8,36.6,10.97,3.11,43.7,37.7,95.9,12.45,4.83,32.1,99.5
8/5/2026,13:25:00,79.9,12.23,4.78,33.6,85.1,68.3,11.83,4.49,36,72.9,72.8,12.15,5.06,31.8,76.2,74.3,11.78,4.13,36.3,78.7,34,10.87,3.12,44.2,35.2,94.6,12.35,4.79,32.1,100
8/5/2026,13:30:00,82.4,12.23,4.97,33.4,86.6,66.8,11.76,4.41,37,69.1,75.3,12.24,4.97,32.1,77.8,71.5,11.82,4.13,37.3,75.5,31.8,10.86,2.93,42.9,33,93.4,12.33,4.76,30.7,98.5
8/5/2026,13:35:00,85,12.3,4.98,33.6,90.1,65.2,11.77,4.28,37.3,70,77.8,12.24,5,31.3,82.5,70.6,11.75,4.23,37,75,30.4,10.82,2.99,43.1,30.9,91.6,12.34,4.83,30.9,95.1
8/5/2026,13:40:00,87.4,12.37,4.9,32.1,92.6,63.3,11.73,4.16,37.1,65.5,80.3,12.33,5.08,30.7,84,69,11.7,4.1,37.5,71.9,29.5,10.82,3.06,42.8,30.4,91.5,12.34,4.91,32.6,95.6
8/5/2026,13:45:00,90.1,12.38,5.08,32.6,94.3,59.7,11.66,4.08,36.8,62.2,82.8,12.32,5.19,31.2,87.7,67.2,11.67,4.05,37.9,69.1,32,10.9,2.93,44,33.2,90.7,12.32,4.84,31.7,95.3
8/5/2026,13:50:00,92.7,12.5,5.06,32.2,98,56.3,11.58,4.23,38.1,59.4,85.1,12.39,5.14,31.7,88.7,64.9,11.7,3.99,37.5,69.1,34.5,10.94,3.1,42.2,36.4,89.2,12.29,4.98,32.6,94.5
8/5/2026,13:55:00,95,12.5,5.23,31.9,100,53,11.57,4.05,37,56.8,87.6,12.44,5.23,30.3,91.6,62.5,11.58,4.07,38.6,65.2,36.8,10.92,3.1,43.1,37.5,87.6,12.27,4.67,31.8,93.4
8/5/2026,14:00:00,93.4,12.49,5.06,31.5,97.2,49.1,11.44,4.05,39,51.1,90.1,12.48,5.44,30.7,94.4,60.9,11.56,4.01,37.7,64.7,39.2,11.04,3.16,43.6,40.7,86.9,12.23,4.9,32,90.8
8/5/2026,14:05:00,92.7,12.48,5.18,31.8,97.6,48,11.4,3.94,38.2,49.4,92.8,12.61,5.44,30.9,96.2,60,11.59,3.88,38.2,62.8,41.6,11.05,3.08,42.7,44.5,84.9,12.21,4.87,32.7,89.3
8/5/2026,14:10:00,91.3,12.44,5.2,33,96.7,46.6,11.42,4,38.3,50.3,95.1,12.6,5.37,31.2,100,58.8,11.56,3.81,38.2,61.7,44.1,11.05,3.2,42,47.5,84,12.23,4.89,32,89
8/5/2026,14:15:00,89.8,12.4,5.07,32.9,93,45,11.42,3.9,39.1,47.9,93.5,12.6,5.43,30.1,98.3,56.7,11.5,4.01,38.4,59.2,46.8,11.11,3.24,42.5,48.5,81.7,12.14,4.83,32,86.7
8/5/2026,14:20:00,88.4,12.4,5.09,32.2,91.4,43.8,11.39,4.01,39.1,47.1,92.1,12.53,5.48,30,97.1,55.8,11.46,3.87,39.1,59.1,49.4,11.14,3.26,41.5,53,80.6,12.11,4.71,32.3,85
8/5/2026,14:25:00,86.5,12.39,5.08,32.8,91.9,41.4,11.27,4.06,37.9,43.3,91.2,12.54,5.22,31.2,96.3,53.3,11.4,3.87,39.7,56.3,51.9,11.19,3.34,41.4,53.5,79.2,12.07,4.75,32.1,82.3
8/5/2026,14:30:00,85,12.28,4.96,34.1,87.9,40,11.29,3.86,38.6,43.4,89.9,12.48,5.2,30.1,94.3,52.4,11.44,3.91,38.1,56.4,54.5,11.24,3.14,42.4,57.2,78.1,12.14,4.71,32.7,82.6
8/5/2026,14:35:00,84.7,12.28,5.11,32.5,87.8,39,11.24,3.81,38.9,40.1,88.1,12.47,5.23,31.5,93.2,51.9,11.44,3.92,39.4,55,56.9,11.36,3.31,41,58.6,77.3,12.03,4.75,32.4,82.4
8/5/2026,14:40:00,83.2,12.24,4.86,33.9,88.6,36,11.2,3.85,38.3,36.5,86.4,12.39,5.18,30.1,90.1,50,11.41,3.69,40,51.4,59.5,11.35,3.39,41.2,63.8,77,12.08,4.51,32.6,80.2
8/5/2026,14:45:00,82.5,12.3,4.82,33.9,87.6,34.4,11.13,3.81,38.3,36,84.6,12.44,5.11,32.2,89.6,49.5,11.37,3.91,39.1,51.9,61.9,11.42,3.27,41.3,64.3,75.6,12.09,4.53,32.4,80.5
8/5/2026,14:50:00,81.5,12.24,4.98,34.4,86.7,32.8,11.1,3.91,39.2,35.9,83.8,12.36,5.11,31.7,88.3,47.9,11.39,3.69,38.7,49,64.3,11.43,3.5,41.4,68,74.2,12.02,4.57,32.7,77.2
8/5/2026,14:55:00,79.1,12.18,5,33.7,82.5,29.8,11.11,3.69,39.3,30.6,83.1,12.34,5.35,31.6,87.7,46.8,11.27,3.66,38.7,47.9,66.8,11.48,3.41,40.7,69.6,72.8,11.95,4.73,33.2,76.8
8/5/2026,15:00:00,77.2,12.13,4.79,34.7,80.3,32.4,11.14,3.86,39.4,34.1,81.4,12.3,5.32,30.5,84.4,44.4,11.25,3.83,38.7,47.7,69.2,11.58,3.57,39.9,71.7,71,11.97,4.42,32.4,75.8
8/5/2026,15:05:00,76.1,12.2,4.76,33.5,80.1,35,11.18,3.81,38.6,36.2,79.3,12.29,5.15,31.1,84.3,43.8,11.29,3.77,39.6,47.5,71.8,11.55,3.53,40.4,75.5,69.2,11.91,4.48,34,73
8/5/2026,15:10:00,75.3,12.1,4.81,33.1,79.2,37.3,11.24,3.8,38.8,39.1,78.5,12.28,5.2,31,82.5,42.1,11.19,3.69,40.1,43,74.1,11.67,3.39,40.7,78.1,68.1,11.95,4.4,34.5,70.1
8/5/2026,15:15:00,73.7,12.06,4.83,33.2,78.1,39.8,11.25,3.89,39.4,42.6,77,12.3,5.07,32.6,80.5,40.5,11.24,3.66,38.9,43.9,76.5,11.72,3.68,39.3,80.4,66.3,11.83,4.52,34.1,68.9
8/5/2026,15:20:00,71.7,12.02,4.72,34.3,74.1,42.2,11.35,3.82,38.1,45.7,75.8,12.25,5.1,32.3,80.7,39.7,11.2,3.64,39.9,41.9,79,11.75,3.49,39.7,84,65.5,11.85,4.37,33,69.5
8/5/2026,15:25:00,70.9,12.01,4.63,34.5,74.6,44.6,11.39,4.09,37.6,48.3,74.6,12.27,5.17,32.5,79.2,37.2,11.15,3.51,39.6,38.8,81.5,11.75,3.6,40.1,86.5,64.9,11.82,4.36,34,67.8
8/5/2026,15:30:00,69.8,12.04,4.69,34.1,73.5,47.3,11.44,4.17,38.9,51,73.1,12.22,5.13,31.8,78,35.8,11.13,3.51,39.5,37.3,84,11.83,3.57,39.4,88.2,63.3,11.81,4.57,34.8,67.3
8/5/2026,15:35:00,69.1,11.97,4.74,34,72.6,49.7,11.42,4.12,38,53.3,71.3,12.12,5.16,32.5,75.6,34.4,11.04,3.52,40.8,35.7,86.6,11.82,3.62,39.9,92.4,62.5,11.75,4.33,34.7,64.9
8/5/2026,15:40:00,68.8,12.06,4.77,35.4,72.9,52.3,11.52,4.13,38.2,55.7,70.5,12.13,5.01,32.8,74.7,33,11.03,3.47,40.7,33.6,88.9,11.87,3.66,39.2,93.3,61,11.81,4.29,34.4,64.2
8/5/2026,15:45:00,66.5,11.92,4.76,33.7,68.8,55,11.53,4.2,37.7,58.2,69.9,12.13,5.03,32.6,73.1,31.3,11.02,3.72,39.9,31.4,91.5,11.95,3.67,38.6,97.2,59.8,11.76,4.53,35.1,64
8/5/2026,15:50:00,65.3,11.97,4.59,34.5,69,57.4,11.56,4.12,37.3,60.5,68.5,12.11,5.05,31.7,73.4,30.2,11.01,3.64,40.7,33,93.8,12.03,3.8,37.6,98.5,58.7,11.77,4.23,33.4,60.4
8/5/2026,15:55:00,63.8,11.95,4.68,34.8,68.4,60,11.67,4.09,36.5,63,67.6,12.05,5.01,32.8,71.8,27.8,10.92,3.52,39.9,29.4,96.4,12.02,3.75,38.8,100,57.2,11.74,4.39,34.8,60.7
8/5/2026,16:00:00,62.5,11.92,4.54,34.8,65.9,62.5,11.75,4.23,37.7,65.2,66.2,12.09,4.88,32,69.4,30.5,10.99,3.64,39.7,32.2,93.7,11.99,3.78,38.5,97.2,56.7,11.72,4.48,34.2,58.6
8/5/2026,16:05:00,61.7,11.91,4.53,34.5,63.5,64.8,11.75,4.41,35.9,67.4,64.7,12.03,4.98,33.1,69,32.9,11.07,3.47,41,35.3,91.7,11.96,3.71,38.4,94.9,56.1,11.65,4.3,34.3,57.8
8/5/2026,16:10:00,59.3,11.87,4.43,36.2,62.2,67.2,11.82,4.37,36.8,70.2,63,11.98,5.02,33.6,67.4,35.5,11.16,3.54,40.7,37.3,88.9,11.87,3.73,38.2,94.1,54.6,11.69,4.38,33.9,57.4
8/5/2026,16:15:00,57.3,11.77,4.44,34.9,59.4,69.8,11.86,4.23,36.1,72.3,60.9,12,4.88,32.8,63.5,37.8,11.12,3.74,40.8,38.8,85.7,11.79,3.63,38.7,90.6,52.6,11.59,4.43,34.9,55.3
8/5/2026,16:20:00,54.7,11.71,4.37,34.7,56.8,72.3,11.88,4.33,35.4,75.2,60.2,11.92,4.98,33.5,64.2,40.2,11.21,3.79,40.6,40.9,83.5,11.8,3.66,39.5,86.9,51,11.54,4.13,34.8,53.4
8/5/2026,16:25:00,54.4,11.69,4.62,35.4,55.9,74.9,11.98,4.44,35.9,77.9,59.2,11.94,4.76,32.3,63,42.7,11.22,3.67,39.2,45,81.8,11.8,3.59,38.8,86.7,49.6,11.51,4.3,34.1,52.2
8/5/2026,16:30:00,53.8,11.74,4.41,34.9,57.1,77.3,11.96,4.52,35,80,57.9,11.95,4.88,32.5,60.2,45.2,11.29,3.89,39,48.4,78.4,11.73,3.56,39.5,82.2,47.2,11.48,4.28,35.8,49.1
8/5/2026,16:35:00,51.5,11.64,4.58,35.4,52.7,79.6,12.01,4.4,36.4,84.2,56.4,11.82,4.67,33.1,58.4,47.6,11.3,3.83,38.9,51.4,76.9,11.69,3.58,40.8,80.5,45.9,11.51,4.11,35.8,48.2
8/5/2026,16:40:00,50.7,11.7,4.36,35.6,53.3,82.2,12.05,4.54,35.5,87.3,55.6,11.83,4.92,33,57.5,50.3,11.38,3.8,39.8,53.5,75.6,11.69,3.51,39.4,80.7,44.2,11.49,4.06,35.2,47
8/5/2026,16:45:00,49,11.6,4.31,36.7,51.9,84.8,12.15,4.65,35.5,87.8,53,11.76,4.82,33.5,55.1,52.7,11.38,3.75,37.8,55.3,72.4,11.64,3.43,40.6,77.4,42.7,11.47,4.27,34.7,44.7
8/5/2026,16:50:00,47.4,11.64,4.37,36,50.2,87.5,12.17,4.56,34.2,90.7,52.1,11.75,4.76,34.3,55.1,55.3,11.46,3.75,38.4,58.4,70.8,11.59,3.39,40.7,75.4,41,11.4,4.12,35.5,43.5
8/5/2026,16:55:00,45.8,11.58,4.29,36,46.8,90.2,12.24,4.51,35.5,94.2,50.7,11.73,4.56,34.2,52.8,57.6,11.55,4.04,38,61.9,67.4,11.47,3.31,41.5,69.8,40.6,11.39,4.17,35.9,41.4
8/5/2026,17:00:00,44.9,11.57,4.21,36.6,47,92.7,12.31,4.73,34.6,96.2,49.4,11.72,4.72,33.4,51.4,59.9,11.59,3.85,38.2,63,66.4,11.48,3.33,39.7,70.6,39.1,11.4,4.15,35.2,42.5
8/5/2026,17:05:00,43.8,11.52,4.31,36.7,45.1,95.2,12.28,4.66,34.5,100,47.2,11.7,4.6,34.2,48.4,62.3,11.62,3.96,38.8,65.3,64,11.47,3.45,40.1,67,38.1,11.36,4.07,36.1,40.2
8/5/2026,17:10:00,42.9,11.52,4.3,35.8,45.3,92.7,12.31,4.65,35.5,95.9,45.5,11.68,4.75,33.5,47.6,64.7,11.67,4.06,37.7,69.1,61.6,11.37,3.47,41.8,65.6,37.7,11.33,4.08,35.8,40.9
8/5/2026,17:15:00,40.4,11.5,4.27,37.7,42.8,90.6,12.27,4.81,35.7,96.2,43.5,11.62,4.51,35.3,44.5,67.1,11.71,3.93,37.5,70.2,59.7,11.34,3.28,41.4,62.1,36.2,11.28,4.05,36.4,38.6
8/5/2026,17:20:00,39.8,11.49,4.28,36.3,42.2,87.9,12.22,4.57,34.9,92.6,42,11.62,4.42,34.1,45,69.6,11.72,4.18,37.9,73.9,58.6,11.38,3.43,41.5,62.9,33.6,11.29,4.04,36.3,35.9
8/5/2026,17:25:00,38.5,11.48,4.18,36.9,39,86.3,12.17,4.59,34.9,89.7,40.9,11.57,4.59,35.3,42.1,71.9,11.74,4.24,37.4,75.9,55.7,11.31,3.3,41.5,58.2,32.3,11.2,3.88,36.4,33.9
8/5/2026,17:30:00,37.3,11.44,4.22,36.5,38.5,84.3,12.09,4.45,35.3,89.5,40.5,11.56,4.55,35.1,41.5,74.2,11.78,4.11,36.7,77.4,54.1,11.28,3.2,42,57.5,30.2,11.2,4.09,35.8,31.5
8/5/2026,17:35:00,35.1,11.41,4.05,37.9,37.5,83.4,12.09,4.51,34.3,86.9,39.9,11.56,4.62,33.8,42.5,76.5,11.87,4.05,36.6,81.7,50.2,11.17,3.12,42.8,51.7,28.3,11.13,3.83,36.4,29.8
8/5/2026,17:40:00,34.7,11.38,4.08,38,37.7,81.1,12.04,4.63,35.7,83.9,39.2,11.51,4.6,35.3,40.6,78.9,11.95,4.16,36.7,82.6,47.5,11.18,3.27,41.9,50.5,30.9,11.19,4.09,36,32.3
8/5/2026,17:45:00,33.5,11.31,4.04,37.4,35.5,78.3,11.99,4.59,34.8,82.5,38.3,11.51,4.46,35.7,40,81.6,12,4.23,36.2,85.8,46.5,11.12,3.26,43,49.4,33.6,11.24,3.93,36,33.8
8/5/2026,17:50:00,32.8,11.36,4.11,36.8,34,75.6,11.99,4.55,35,78.1,36.6,11.51,4.53,34.1,37.3,84.1,12.03,4.31,36.4,88,45.4,11.1,3.1,43.2,49.1,36.1,11.29,3.98,35.6,39
8/5/2026,17:55:00,30.7,11.33,4.15,37.3,32.9,73.4,11.9,4.52,35.7,76.1,35.3,11.5,4.45,34.9,36.3,86.6,12.09,4.33,36.7,90.7,43.2,11.09,3.21,42.7,44.8,38.4,11.3,4.16,35.7,41.5
8/5/2026,18:00:00,28.3,11.25,4.15,37.4,30.4,71.4,11.86,4.29,35.9,75.8,33.4,11.41,4.4,34.7,34.6,89.1,12.12,4.25,35,92.2,42.7,11.11,3.26,42.8,43.9,40.7,11.37,4.07,35.3,42.7
8/5/2026,18:05:00,30.9,11.26,4.01,37.7,31.3,69.4,11.82,4.33,35.8,71.4,32,11.38,4.35,36.3,32.5,91.6,12.17,4.49,35.9,95.2,39.5,10.95,3.17,42.6,41.7,43.4,11.41,4.29,35.8,44.5
8/5/2026,18:10:00,33.2,11.32,4.07,37.5,36,68.2,11.82,4.28,36,70.3,30.3,11.39,4.28,36.1,30.5,93.9,12.18,4.4,36.5,98.1,36.6,10.95,2.98,44,39,46,11.46,4.23,35.7,49.7
8/5/2026,18:15:00,35.5,11.43,4.22,36.7,36.2,65.4,11.8,4.3,37.1,69.7,28.5,11.32,4.2,35.4,29.8,96.3,12.23,4.31,35.3,100,32.5,10.89,2.96,43.4,34.5,48.3,11.49,4.35,36.1,49.6
8/5/2026,18:20:00,37.9,11.46,4.38,37.7,41.2,63.4,11.75,4.12,36.9,66.3,30.9,11.35,4.36,34.7,33.1,95.8,12.19,4.31,35.9,100,30.2,10.8,2.92,43.6,32.6,50.7,11.55,4.2,34.2,53.5
8/5/2026,18:25:00,40.3,11.48,4.29,35.9,42.3,59.9,11.62,4.17,38,62,33.3,11.4,4.52,34.7,36.4,94.7,12.18,4.28,34.9,99.6,28.4,10.81,3.02,43.8,28.8,53.2,11.58,4.18,33.9,56.8
8/5/2026,18:30:00,42.8,11.47,4.34,36.9,45.3,57.3,11.64,4.27,36.7,58.7,35.6,11.47,4.44,34.4,37.1,92.6,12.13,4.41,35.2,98.1,31,10.85,3.09,44.2,32.7,55.7,11.71,4.22,34.1,58
8/5/2026,18:35:00,45.5,11.54,4.31,36.9,47.9,56.6,11.6,4.12,37,58.4,38,11.51,4.39,35.9,40.7,91.5,12.17,4.32,36.2,94.6,33.3,10.87,3.17,44.2,34,58.4,11.73,4.46,34.9,59.9
8/5/2026,18:40:00,48.1,11.64,4.43,36,51.1,54.1,11.51,4.19,38.6,58,40.4,11.57,4.47,35.2,41,90.2,12.15,4.31,35.6,94.4,35.9,10.92,3.17,43.4,37.4,60.8,11.81,4.36,34.2,62.9
8/5/2026,18:45:00,50.4,11.7,4.48,35.2,53.2,50.9,11.48,4.14,37.7,54.1,42.7,11.58,4.69,33.9,45.9,88.2,12.07,4.27,35.3,93.9,38.2,11,3.11,42.7,39.1,63.5,11.86,4.52,33.8,66.9
8/5/2026,18:50:00,52.8,11.73,4.43,36.5,56.2,48.3,11.42,4.06,38.1,49.8,45.3,11.7,4.57,34.5,48.3,86.7,12.05,4.19,35.7,91.5,40.7,11.05,2.99,42.3,41.7,66.1,11.86,4.6,33.5,69.1
8/5/2026,18:55:00,55.2,11.71,4.61,36,57.6,45.9,11.41,3.96,37.8,47.5,47.8,11.67,4.58,34.9,50.1,85.3,12.02,4.16,35.8,89.7,43.1,11.11,3.15,43.5,44.8,68.7,11.9,4.42,33.7,72.7
8/5/2026,19:00:00,57.6,11.78,4.53,35.5,60.7,44.3,11.36,3.87,39.3,46.7,50.4,11.74,4.56,34.8,53.4,85.1,12.07,4.32,35.6,88.4,45.7,11.11,3.1,42.5,46.8,71,11.95,4.56,32.7,73.6
8/5/2026,19:05:00,60,11.82,4.48,36,63.3,43.3,11.34,3.9,39.4,44.2,52.9,11.76,4.73,34.3,55.1,84.3,12.06,4.17,36.8,89,48.3,11.18,3.21,41.2,50.6,73.7,12.05,4.61,32.2,77.7
8/5/2026,19:10:00,62.6,11.86,4.66,34.8,66.4,42.4,11.33,3.96,38.7,43.1,55.3,11.81,4.75,34.6,58.5,83.1,11.99,4.3,36.8,86.2,51,11.24,3.17,42.8,53.1,76.1,12.05,4.49,33.5,79.8
8/5/2026,19:15:00,65.3,11.97,4.56,35.1,69,41.7,11.36,3.86,38.6,45,57.8,11.95,4.89,32.5,59.5,82.9,12.01,4.36,35.9,87.7,53.6,11.28,3.31,40.9,56.2,78.5,12.11,4.81,33.2,81.6
8/5/2026,19:20:00,67.8,12.04,4.68,34.6,70.9,41.3,11.32,3.86,38.9,41.9,60.4,11.9,4.77,32.7,63.4,82.2,11.98,4.32,36.2,84.9,56.2,11.33,3.33,42,60.1,81,12.15,4.59,32.8,83.7
8/5/2026,19:25:00,70.2,12,4.6,34.9,73.8,39.8,11.3,3.9,39.5,42.5,63,12.03,4.91,33.7,67,81.4,11.92,4.38,37,85.2,58.6,11.38,3.31,42.1,61.7,83.5,12.23,4.87,31.4,88.5
8/5/2026,19:30:00,72.9,12.12,4.86,33.4,76.2,39,11.3,3.99,38.8,40,65.6,12.04,4.93,32.2,69,81.2,11.94,4.39,35.6,85,61,11.36,3.26,40.5,63.1,86.2,12.24,4.85,31.8,91.3
8/5/2026,19:35:00,75.4,12.13,4.87,33.2,77.9,38,11.29,3.79,38.5,40.3,68.1,12.13,4.93,31.9,72.3,80.5,11.92,4.33,35.8,83.2,63.4,11.46,3.47,40.7,66.1,88.7,12.27,4.78,32.3,92.3
8/5/2026,19:40:00,78,12.17,4.96,33.5,81.7,36.6,11.19,3.74,39.8,39.7,70.5,12.13,4.96,32.1,74.2,80.1,11.94,4.25,37.3,85.4,66,11.49,3.37,40.8,69.6,91.2,12.31,4.89,31.2,95.2
8/5/2026,19:45:00,80.4,12.22,4.87,33.1,84.9,35.1,11.19,3.79,40.2,35.9,72.9,12.16,5.08,31.8,77.3,79.4,11.89,4.31,36.6,82.9,68.6,11.54,3.58,39.9,72.7,93.8,12.37,4.85,31.6,98.7
8/5/2026,19:50:00,82.7,12.32,4.8,32.7,87,34.8,11.17,3.84,40,36.3,75.2,12.21,5.17,31.6,79.7,78.5,11.86,4.34,36.1,83.1,71,11.54,3.42,39.8,73.9,96.2,12.38,5.01,31.3,100
8/5/2026,19:55:00,85.4,12.35,5.02,33.9,90.3,33.7,11.17,3.83,39.3,34.9,77.8,12.3,5.16,30.9,81,78.1,11.93,4.19,36.8,82.5,73.6,11.63,3.55,40.9,76.1,95.5,12.39,4.79,30.8,99.1
8/5/2026,20:00:00,87.8,12.32,5.15,32.4,93.1,33.1,11.12,3.85,39.4,36.1,80.4,12.33,5.28,31.1,85.7,77.4,11.84,4.32,36.4,80.3,76,11.69,3.63,40.2,80.4,95,12.41,4.97,30.7,100
8/5/2026,20:05:00,90.3,12.41,5,32.1,95.1,32.1,11.11,3.91,39.5,33.4,82.7,12.37,5.2,31.2,88.2,77,11.85,4.23,37.6,81.9,78.6,11.76,3.6,39.1,82.4,93.9,12.41,4.85,32.2,99.6
8/5/2026,20:10:00,92.8,12.47,5.15,32,98.4,30.3,11.11,3.93,38.9,31.4,85.1,12.37,5.16,31.4,88.6,75.4,11.83,4.21,37.6,78.3,81.1,11.78,3.49,38.8,84.8,93.7,12.38,4.87,30.9,98.9
8/5/2026,20:15:00,95.2,12.49,5.22,32.1,100,29.2,11.05,3.89,39.7,31.6,87.6,12.43,5.18,30.8,91.2,74.2,11.8,4.28,37.3,78.8,83.5,11.78,3.53,38.8,87.2,92.6,12.39,4.84,31.6,96.9
8/5/2026,20:20:00,94.1,12.53,5.07,32.4,97.4,31.6,11.15,3.88,39.5,33.7,90.1,12.48,5.27,30.3,95.1,73.2,11.79,4.08,36.1,76.5,85.9,11.82,3.73,39.2,91.1,92.7,12.34,4.78,31.7,96.3
8/5/2026,20:25:00,94.2,12.45,5,32.1,98.8,34.2,11.21,3.96,38.9,36.8,92.6,12.61,5.46,30.6,96.5,71.8,11.8,4.2,38.2,76.1,88.5,11.86,3.64,39.8,94.1,91.8,12.34,4.85,31.7,97.5
8/5/2026,20:30:00,93.7,12.45,5.04,33.4,99.8,36.9,11.22,3.84,39.5,38,95,12.59,5.51,29.4,98.5,71.1,11.81,4.23,37.1,74.3,91.1,11.92,3.78,38.8,96.2,91,12.36,4.74,31.5,96.4
8/5/2026,20:35:00,93,12.47,5.07,32.4,97.3,39.4,11.3,4.06,38.4,41.1,94.7,12.63,5.27,31,99.3,70.1,11.79,4.08,38.3,72.4,93.6,11.97,3.84,38.6,97.1,90.8,12.36,4.88,31,94.4
8/5/2026,20:40:00,92.3,12.49,4.93,33.1,97.3,41.8,11.34,3.92,39.4,43.8,94.2,12.63,5.37,31.3,98.5,69.6,11.76,4.09,37.2,71.6,95.9,12.06,3.73,37.9,99.3,90.7,12.33,4.9,31.5,95.9
8/5/2026,20:45:00,92,12.46,5.02,32.4,95.4,44.2,11.38,3.99,38.5,47.6,94.3,12.55,5.4,31,99.2,68.3,11.75,4,36.9,71.7,95.4,12.04,3.9,39.4,98.9,90,12.29,4.94,32,93.4
8/5/2026,20:50:00,91.7,12.41,5.15,32.8,96.8,46.6,11.38,4.02,38.2,50,93.5,12.61,5.49,30.5,97.2,67.7,11.67,3.93,38.2,70.8,93.4,11.98,3.6,39.4,96.7,90.3,12.33,4.94,31.9,96.3
8/5/2026,20:55:00,90.3,12.42,4.94,33.2,93.6,49,11.46,4.15,38.2,50.1,93.6,12.57,5.52,30.8,97.9,67.3,11.65,4.13,37.6,71.9,93.3,11.94,3.87,38.9,98.3,90.2,12.28,4.75,30.8,94.9
8/5/2026,21:00:00,89.6,12.44,4.97,32.5,92.8,51.3,11.51,4.16,38.8,54.4,93,12.56,5.33,30.1,99,66.7,11.7,4.14,37,70.4,91.6,11.91,3.62,38.8,97.1,89.5,12.25,4.79,31.2,95
8/5/2026,21:05:00,88.6,12.42,5.07,32.5,92.7,53.7,11.51,3.99,37.6,57,92,12.52,5.44,30.7,96.8,66,11.64,3.9,37.7,67.9,90.4,11.88,3.64,39.2,95.6,88.7,12.33,4.82,32.7,94.1
8/5/2026,21:10:00,88.4,12.43,4.91,33.3,91.9,56.3,11.55,4.18,37.5,60.4,90.9,12.49,5.31,30.4,95.7,65.7,11.68,4.08,37,69.6,88.9,11.94,3.73,38,92.7,88.4,12.24,4.85,31.9,91.9
8/5/2026,21:15:00,87.8,12.38,5.08,33.7,93.1,58.8,11.66,4.25,37.8,61.6,90.6,12.48,5.2,30.2,96.1,65.3,11.7,4.02,38.2,67.5,88,11.87,3.72,38.5,93.4,87.6,12.29,4.91,31.5,92.3
8/5/2026,21:20:00,86.9,12.36,4.94,33,92.7,61.3,11.66,4.16,38,63.8,89.4,12.45,5.47,29.9,94.8,65,11.66,4.03,37.2,67.8,87.3,11.9,3.54,39.5,92.2,86.7,12.26,4.73,31.6,91.1
8/5/2026,21:25:00,86.2,12.32,5.11,32.2,90.1,63.7,11.68,4.22,36.5,68.1,89.2,12.45,5.33,30.2,94.5,64.7,11.62,3.89,37.6,68.6,86.8,11.82,3.67,38.7,90.5,85.8,12.2,4.89,33,90.3
8/5/2026,21:30:00,85.2,12.33,4.84,33,88.9,66,11.81,4.45,37.1,68.1,88.7,12.44,5.2,30,92.6,63.3,11.67,4.01,38,65.8,85.6,11.89,3.69,38.7,89.2,84.7,12.17,4.75,32,90.2
8/5/2026,21:35:00,85.1,12.35,4.84,33.7,90.5,68.6,11.78,4.4,35.7,71.7,88.7,12.44,5.4,29.9,94.6,62.8,11.6,3.92,38.1,66.7,84.2,11.8,3.49,39.6,88.7,83.7,12.15,4.72,31.4,88.1
8/5/2026,21:40:00,84.3,12.29,5.03,32.6,87,71,11.87,4.26,35.8,73.4,89,12.45,5.31,31.6,92.7,62.4,11.59,4.01,37.1,65.7,82.5,11.83,3.45,39.6,87.7,82.9,12.19,4.84,31.7,87.3
8/5/2026,21:45:00,84,12.32,4.98,34.1,88.5,73.5,11.94,4.37,35.5,78.6,88.3,12.52,5.3,29.9,92.9,61.9,11.6,3.93,37.5,63.8,81.2,11.76,3.53,39.2,86.4,82.2,12.14,4.76,32.4,86.5
8/5/2026,21:50:00,83.1,12.27,5.02,33.5,86.4,75.9,11.96,4.47,35.8,81,87.2,12.46,5.23,30.9,91.1,61.4,11.57,4.05,37.7,65.1,80.8,11.76,3.69,40.1,85.8,81.3,12.13,4.65,32.8,84.9
8/5/2026,21:55:00,82.2,12.3,5.07,32.9,87.5,78.3,12,4.52,35.5,82.5,86.7,12.46,5.31,31.4,90.8,60.3,11.62,3.84,38.7,64.6,80.1,11.7,3.67,40.5,83.9,80.4,12.09,4.74,32,83.4
8/5/2026,22:00:00,82,12.27,5.01,33.9,87.1,80.8,12.09,4.53,36.5,84.6,86.5,12.42,5.38,31.1,90.5,58.9,11.58,4,37.6,62.7,79,11.71,3.48,39.1,83,79.6,12.09,4.61,32.1,82.3
8/5/2026,22:05:00,81,12.23,4.92,34.2,84.1,83.3,12.14,4.63,35.5,87,85.4,12.41,5.16,30.5,89.7,58.5,11.5,3.97,38.7,61,79.1,11.77,3.61,39,82.9,79.1,12.09,4.63,32.3,83.3
8/5/2026,22:10:00,80.1,12.26,4.77,32.7,83.4,85.9,12.12,4.63,35.4,89.9,85.3,12.41,5.22,31.9,88.5,58.1,11.55,3.85,38.8,62.1,78.7,11.68,3.41,39.1,83.7,79.4,12.14,4.79,33.6,83.9
8/5/2026,22:15:00,78.9,12.19,4.97,33.3,81.5,88.4,12.14,4.66,35.6,92.2,84.3,12.39,5.29,30.5,87.4,57.6,11.48,4,38.7,61.2,78.1,11.73,3.66,40.4,81.8,78.8,12.11,4.54,32.4,83.2
8/5/2026,22:20:00,78.5,12.24,4.9,33.7,82.5,90.9,12.26,4.8,34.1,94.9,84.1,12.44,5.35,30.7,89,56.5,11.53,3.84,39.2,59.9,76.4,11.66,3.51,40.7,79.6,78.4,12.12,4.72,33.5,83.2
8/5/2026,22:25:00,78.6,12.19,4.8,33,82.5,93.4,12.29,4.83,35.4,98.7,83.5,12.38,5.15,31.9,87.7,55.7,11.53,3.87,39.3,58.2,75.6,11.61,3.63,39.6,79.2,77.5,12.05,4.57,32.9,82
8/5/2026,22:30:00,78,12.14,4.76,34.1,80.7,95.8,12.31,4.68,34,99.3,82.9,12.38,5.14,31.9,87.8,55.6,11.45,4.05,37.8,57.9,74.8,11.64,3.49,40.7,79.9,76.2,12.04,4.71,32.7,78.7
8/5/2026,22:35:00,77.9,12.23,4.81,34.1,80.9,94.4,12.26,4.65,35.3,100,82.2,12.37,5.32,32,87.1,54.5,11.44,3.89,38.2,55.7,73.6,11.58,3.36,40.8,77.3,76,12,4.74,33,80.7
8/5/2026,22:40:00,78.1,12.23,4.78,32.8,82.4,94.2,12.27,4.77,35.1,98.3,81.9,12.38,5.11,32.3,85.7,54.3,11.48,3.8,39.1,57.5,73.3,11.6,3.41,40.6,77.8,75.7,12.04,4.62,32.1,80.5
8/5/2026,22:45:00,78.3,12.17,4.96,33.9,82.9,92.9,12.27,4.7,35.1,97.8,80.9,12.36,5.33,32.3,85.4,53.6,11.44,4,38.2,56.5,72.8,11.61,3.35,40.2,76.7,75.3,12.08,4.56,33.7,79.7
8/5/2026,22:50:00,77.7,12.22,4.74,33.9,80.5,92.4,12.3,4.73,35.4,96.5,79.9,12.28,5.28,31.1,84.3,53.1,11.4,3.9,38.7,55.4,72.4,11.56,3.63,40.7,77.3,73.9,11.98,4.49,33.8,78.9
8/5/2026,22:55:00,77.7,12.16,4.85,33.5,82.9,90.9,12.24,4.79,34.7,96.7,78.8,12.26,5.13,32.3,83,52.2,11.45,3.84,38,55.1,71.7,11.64,3.45,41,73.9,73.8,12.02,4.47,32.2,78.8
8/5/2026,23:00:00,76.5,12.2,4.73,34.6,81.8,90.6,12.22,4.67,34.9,95.9,77.6,12.23,5.18,32.5,81.6,52.3,11.41,3.92,39.4,54.3,70.2,11.55,3.33,40.3,72.3,73.4,11.96,4.73,33.1,75.6
8/5/2026,23:05:00,76.2,12.17,4.81,34.1,79.6,90,12.17,4.68,34.2,94.8,76.9,12.22,5.14,32.4,81.5,51.5,11.43,3.94,38.1,53.2,69.5,11.53,3.54,40.6,72.5,73.1,11.96,4.74,34,75.6
8/5/2026,23:10:00,74.9,12.09,4.85,33.8,79,89.2,12.17,4.77,34.7,94.1,76,12.25,5.22,32.3,79.7,50.1,11.42,3.75,39.5,51.5,68.7,11.55,3.36,40.5,72,72.8,12.01,4.72,33.6,76.7
8/5/2026,23:15:00,74.5,12.16,4.93,34.4,78.4,88.1,12.17,4.55,34.7,93.7,75.3,12.22,5.03,32,80.1,49.2,11.37,3.87,38.7,50.6,67.7,11.53,3.36,39.8,72.1,73.2,12,4.54,33.6,75.5
8/5/2026,23:20:00,73.1,12.12,4.71,34.5,76.3,87.6,12.13,4.77,35.2,91.6,75.1,12.18,5.19,32.5,78.3,48.4,11.32,3.88,39.3,51.7,66.8,11.54,3.56,40.6,70.3,73.4,12.04,4.6,32.6,76.9
8/5/2026,23:25:00,73.2,12.13,4.76,33.5,77.3,87,12.17,4.67,35.9,92.4,74.3,12.19,5.19,31.1,78.5,47.7,11.37,3.91,39,51.1,66.1,11.5,3.43,39.9,68,72.9,11.98,4.46,32.5,75.7
8/5/2026,23:30:00,72.9,12.12,4.76,33.6,76.7,86.8,12.16,4.5,35.5,90,73.3,12.19,4.93,31.9,78.5,47,11.37,3.68,39.7,48.8,65,11.46,3.36,40.2,67.8,72.9,12.01,4.68,34.1,77.4
8/5/2026,23:35:00,72.2,12.05,4.77,33.8,75.9,85.8,12.14,4.74,34.9,89.4,72.4,12.22,5.08,32.4,75.4,46.3,11.34,3.83,39.2,48.2,63.9,11.48,3.36,40.7,66.4,72.4,11.97,4.5,33.4,77.4
8/5/2026,23:40:00,71.8,12.11,4.88,34.3,74.4,84.4,12.08,4.43,35.5,88.8,72.2,12.21,4.91,31.8,75.4,46,11.33,3.68,39.2,47.2,63.5,11.41,3.4,40.1,67.7,72.1,11.95,4.68,34.1,74.7
8/5/2026,23:45:00,71,12,4.63,35.1,75.6,84.1,12.13,4.42,34.8,89,72,12.13,5.02,31.3,76,45.5,11.34,3.66,39.1,46.8,62.3,11.41,3.47,41.3,65.9,71.1,11.96,4.47,33.8,73.2
8/5/2026,23:50:00,70.4,12.09,4.62,34.3,72.4,84.1,12.06,4.45,35.6,89.5,70.9,12.11,5.05,32,75.7,44.7,11.3,3.83,39,48,60.6,11.41,3.42,40.6,63.3,71,11.97,4.57,33.5,75
8/5/2026,23:55:00,69.8,12.02,4.77,34.4,72.8,83.2,12.06,4.42,34.9,88.6,70,12.1,5.15,32.7,73.9,44.4,11.28,3.74,39.4,45.3,59.3,11.33,3.36,40.6,61.1,70.8,11.95,4.62,32.8,73.3
9/5/2026,00:00:00,68.9,12.04,4.76,34.5,71.6,83.1,12.05,4.5,35.8,88.3,69.7,12.08,5.03,32,73.4,43.6,11.21,3.77,39.8,45.9,58.5,11.38,3.47,42.1,61.5,70.2,11.92,4.69,34,72.5
9/5/2026,00:05:00,67.7,11.98,4.58,33.8,70.7,83,12.1,4.42,35.5,85.8,69.5,12.1,4.96,32.9,73.3,42.8,11.28,3.87,39.5,43.9,57.9,11.38,3.26,41.1,60.3,69.4,11.9,4.45,33.1,72.6
9/5/2026,00:10:00,67,11.96,4.81,35.6,69,82.7,12.05,4.68,34.9,88.2,68.6,12.08,5.08,33.2,73.5,42.7,11.26,3.71,39.6,44.9,56.5,11.35,3.43,40.8,59,68.7,11.93,4.63,33,71.3
9/5/2026,00:15:00,66.4,11.92,4.67,34.9,70.6,82.2,12.11,4.64,35.1,84.9,68.4,12.12,4.95,33.3,71.5,41.8,11.25,3.86,40.3,44.1,55.5,11.3,3.19,41.9,57.3,68.5,11.87,4.52,33.1,71.3
9/5/2026,00:20:00,65.2,11.94,4.77,34,68.6,81.4,12.1,4.4,34.6,86.2,67.8,12.06,5.04,32.1,70.1,41.8,11.25,3.64,40.3,43.8,55.7,11.3,3.18,42.2,57.8,68.2,11.9,4.67,32.8,70.2
9/5/2026,00:25:00,63.8,11.89,4.67,34.8,66.2,80,11.99,4.51,34.7,84.9,67.4,12.08,5,33.2,69.4,40.4,11.19,3.72,40.3,41.5,55.2,11.3,3.26,40.6,57.5,67,11.88,4.57,33.9,71.4
9/5/2026,00:30:00,62.8,11.91,4.65,35.8,66.2,79.1,12.03,4.42,36,83.6,66.7,12.06,4.98,33.4,69.3,40.1,11.19,3.7,40.5,42.3,54.2,11.27,3.19,41.6,55.9,66.2,11.88,4.47,33.5,70.5
9/5/2026,00:35:00,61.6,11.87,4.58,34.3,64.5,78.2,12.04,4.45,35.7,81,65.8,12.03,4.8,32.8,68.8,39.4,11.15,3.71,40.1,40,54,11.3,3.33,41.1,57,66,11.91,4.52,34.1,67.8
9/5/2026,00:40:00,60.9,11.88,4.59,35.4,63.6,77.9,11.94,4.54,36,82.6,65.6,12.08,4.95,33.6,69.7,38.1,11.14,3.79,40.2,39.8,53.8,11.22,3.38,42.5,55,66.1,11.83,4.44,33.2,68.9
9/5/2026,00:45:00,59.7,11.83,4.58,34.8,61.9,77.5,11.94,4.57,36.3,80,64.7,12.01,5,33.7,69.3,37.9,11.15,3.8,40.2,39.5,53.4,11.24,3.34,42.4,56.5,66,11.87,4.37,34.5,68.5
9/5/2026,00:50:00,59.6,11.81,4.69,35.4,62.9,77.2,11.98,4.6,36,81.7,63.9,11.97,4.79,32.5,66.4,37.5,11.12,3.7,39.2,40.5,52.7,11.2,3.11,40.8,54.5,64.9,11.86,4.5,33.8,67.6
9/5/2026,00:55:00,58.2,11.84,4.43,34.8,61.5,76.6,11.95,4.49,36.6,81.7,63.8,11.97,4.83,32.3,67.5,36.7,11.16,3.68,40.7,37.9,52.6,11.25,3.18,41.7,55.1,64.3,11.82,4.46,34.7,67.5
9/5/2026,01:00:00,57.7,11.78,4.63,35.1,60.4,75.4,11.98,4.44,36.8,79.1,63.6,12.03,4.95,32.4,67.7,35.8,11.12,3.73,39.5,38.6,52.1,11.2,3.33,41.3,56.2,63.7,11.82,4.41,34.2,67.9
9/5/2026,01:05:00,57.2,11.78,4.45,35.6,59.8,73.5,11.91,4.52,35.2,77.1,62.8,11.96,4.76,34,65.4,34.7,11.12,3.62,39.7,37.6,51.1,11.26,3.31,42.4,52.3,63.1,11.78,4.33,33.5,67.6
9/5/2026,01:10:00,56.3,11.74,4.54,34.8,57.7,72.5,11.84,4.29,36.7,76.3,62.2,12.01,4.9,32.7,66.7,34.4,11.08,3.75,40.3,36.9,49.6,11.18,3.36,41.7,51.7,62.5,11.79,4.3,34.4,64.4
9/5/2026,01:15:00,55.6,11.77,4.5,35.7,57.2,71.8,11.83,4.45,35.9,74.8,61.1,11.99,5,32.3,65.4,34.4,11.13,3.47,41.2,35.4,49.5,11.19,3.36,41.4,52.2,61.4,11.79,4.5,34.4,63
9/5/2026,01:20:00,54.5,11.7,4.63,35.8,55.9,70.6,11.89,4.47,35.7,74.4,60.7,11.94,4.84,34.1,62.9,34.7,11.14,3.61,40.5,37.6,49.2,11.17,3.35,42.5,50.7,61.3,11.79,4.46,34.4,62.9
9/5/2026,01:25:00,53.2,11.68,4.43,36.1,55.8,70.1,11.84,4.42,36.9,72.6,60.2,11.91,4.88,33.1,63.4,33.6,11.03,3.58,41.1,36,47.5,11.12,3.15,41.9,50.6,61.1,11.76,4.37,33.4,63
9/5/2026,01:30:00,52.7,11.71,4.46,34.9,54,70,11.85,4.37,35.5,73.8,59,11.88,4.97,34,62.7,33,11.04,3.58,39.6,35.8,46.3,11.08,3.32,41.9,47.8,60.6,11.75,4.36,34.7,63.1
9/5/2026,01:35:00,51.9,11.67,4.37,35.3,54.3,68.6,11.77,4.43,37.5,73,59,11.94,4.84,33.7,62.7,32.9,11.07,3.67,39.8,35.6,45,11.14,3.06,41.6,47.3,59.7,11.75,4.36,33.6,62.1
9/5/2026,01:40:00,51.8,11.74,4.36,36,54.1,67.6,11.79,4.38,36.4,71.7,58.3,11.88,4.77,32.8,60,31.9,11.06,3.53,39.6,34.5,43.4,11.02,3.11,42,47,59.6,11.74,4.33,33.5,61.9
9/5/2026,01:45:00,50.4,11.64,4.35,36.9,53.7,66.6,11.73,4.26,36.6,71.3,58.5,11.95,4.85,33.7,60.6,30.9,11.03,3.45,39.9,31.4,42.4,11.04,3.25,43.3,45.5,59.1,11.74,4.53,33.9,61.3
9/5/2026,01:50:00,50.2,11.63,4.42,36.3,53.2,65.3,11.77,4.35,37,68.6,57.6,11.87,4.67,33,61.8,30.5,11,3.5,39.9,32.7,41.1,11.02,3.12,43.6,43.3,58.7,11.68,4.33,34.8,61.8
9/5/2026,01:55:00,49.7,11.62,4.56,36.1,52.6,64.1,11.7,4.31,37.8,66.2,57.5,11.85,4.67,33.6,61.8,29.7,10.96,3.59,41.3,31.8,40.9,11.06,3,42,43.7,57.5,11.74,4.25,35,60.2
9/5/2026,02:00:00,49.4,11.62,4.54,35.8,50.7,63.7,11.71,4.26,37.4,68.1,57,11.87,4.73,32.8,60.1,32.1,11.04,3.64,40.2,34.9,40.1,11.03,3.02,42,42,56.7,11.71,4.36,34.8,60.4
9/5/2026,02:05:00,48.9,11.59,4.48,35.9,52.8,62.9,11.69,4.27,36.3,65.9,56.6,11.83,4.68,33.2,60.6,34.7,11.11,3.53,39.5,37.2,38.7,10.97,3.04,43,41.1,56.7,11.66,4.48,33.5,60.5
9/5/2026,02:10:00,48.1,11.64,4.26,35.5,51.6,62,11.65,4.3,36.8,64.5,55.8,11.81,4.84,34.5,59.9,37,11.15,3.74,40.1,39.5,38.1,10.96,3.21,43.4,40.2,56.1,11.69,4.37,33.8,60
9/5/2026,02:15:00,47,11.63,4.49,36.2,50.5,60.8,11.69,4.12,36.4,64,54.8,11.82,4.68,34.4,56.5,39.4,11.19,3.67,40.5,42,36.9,10.96,3.08,43.5,40.1,55.2,11.65,4.39,34.1,57.6
9/5/2026,02:20:00,46.6,11.64,4.33,36.2,50,60.6,11.65,4.31,37.6,63.5,53.6,11.81,4.66,34.3,56.5,41.9,11.25,3.67,38.7,43.9,35,10.87,3.09,44.2,37.9,54.4,11.6,4.38,33.7,57.9
9/5/2026,02:25:00,45.8,11.55,4.28,36.1,49,59.7,11.63,4.34,36.9,61.4,52.8,11.8,4.75,34.7,56.7,44.2,11.31,3.85,40.1,47,34.2,10.92,3.01,43.2,36.6,53.4,11.59,4.22,34.4,56.1
9/5/2026,02:30:00,45.2,11.54,4.37,36.3,48.6,58.7,11.63,4.25,37.4,60.8,52.3,11.77,4.81,33.9,53.8,46.5,11.29,3.8,40.1,50,33.8,10.86,3.05,43.5,36.1,52.5,11.62,4.14,35.2,56.3
9/5/2026,02:35:00,44,11.52,4.31,35.8,46.1,58.1,11.61,4.11,36.6,59.9,51.8,11.8,4.58,33.5,53.9,49,11.32,3.85,39.7,52,32.2,10.87,3.12,44,35,52.4,11.59,4.43,35,55.5
9/5/2026,02:40:00,43.8,11.57,4.27,37.2,46.9,56.2,11.56,4.22,38.4,59,51.2,11.78,4.8,34.7,54.4,51.5,11.43,3.84,39.1,54.9,30.5,10.82,3.01,43.9,32.5,52.4,11.62,4.16,33.9,54.2
9/5/2026,02:45:00,43.4,11.49,4.39,36.5,44.9,55.4,11.6,4.17,38.4,57.5,51.3,11.73,4.59,33.4,52.4,54.1,11.44,3.82,38.8,56.8,29.8,10.78,2.96,43.8,30.3,52,11.61,4.31,34.3,55.8
9/5/2026,02:50:00,43.3,11.52,4.37,35.9,44.7,54.7,11.52,4.18,36.9,58.6,51.1,11.75,4.81,33.8,54.5,56.8,11.49,3.94,38.6,60.4,32.3,10.87,2.99,42.4,34.6,51.1,11.53,4.37,34.2,54.8
9/5/2026,02:55:00,43.1,11.53,4.34,37.5,45.4,54.2,11.59,4.12,37.7,58.1,50.6,11.74,4.6,34.2,54,59.4,11.54,4.06,37.6,63,34.7,10.9,2.99,43.9,35.2,50.2,11.53,4.14,34.2,53.8
9/5/2026,03:00:00,42.9,11.55,4.43,36.3,45.3,53,11.57,4.23,37.9,54.3,49.7,11.76,4.78,33.3,51.9,61.9,11.58,4.05,38.1,66.4,37.3,10.97,3.01,42.5,40.2,50,11.58,4.25,35.5,52.4
9/5/2026,03:05:00,41.8,11.45,4.15,36.9,43.1,51.8,11.47,3.97,38.7,55.7,48.3,11.73,4.62,35.1,49.9,64.5,11.64,3.9,37.9,68.5,39.9,10.97,3.01,43.5,43.4,49.6,11.56,4.37,35.7,53
9/5/2026,03:10:00,41.2,11.53,4.14,36,44.6,51.8,11.54,4.14,37.4,55.3,47.5,11.72,4.64,34.7,49.5,66.9,11.69,4.07,37.5,71.6,42.6,11.07,3.23,42,45.3,49.4,11.6,4.3,35.1,50.8
9/5/2026,03:15:00,41,11.47,4.22,36.8,43.6,50.4,11.44,4.22,37.9,53.6,46.8,11.65,4.68,33.7,48.3,69.5,11.78,3.96,38.1,72.1,44.9,11.07,3.13,42.2,48.1,49.2,11.53,4.19,36.1,51.5
9/5/2026,03:20:00,39.6,11.44,4.23,36.7,41.9,49.3,11.41,4.18,37.9,50.3,46.6,11.72,4.53,33.6,47.5,72.1,11.81,4.25,37.7,76,47.3,11.18,3.18,42.9,49.4,48.5,11.52,4.15,34.2,51.6
9/5/2026,03:25:00,38.4,11.48,4.1,37.4,40.1,48.4,11.39,4.18,37.7,50.9,46.2,11.68,4.58,34.3,49.5,74.4,11.8,4.19,37,78.9,49.7,11.19,3.09,42.9,53.6,47.3,11.48,4.21,35,49.3
9/5/2026,03:30:00,37.5,11.46,4.37,37.2,39.8,47.4,11.46,3.92,38.7,49.1,45.7,11.69,4.65,35.2,48.6,76.9,11.84,4.09,36.7,80.3,52.1,11.19,3.21,41,55.9,46.9,11.49,4.13,34.3,48.9
9/5/2026,03:35:00,37,11.42,4.17,37.3,40.2,46.4,11.39,4,38.8,49.1,45.9,11.66,4.65,35.1,47.7,79.3,11.92,4.29,37,83.1,54.5,11.3,3.42,41.8,57.9,46.1,11.51,4.2,36.1,49.6
9/5/2026,03:40:00,36.4,11.36,4.15,37.8,38.5,46.2,11.45,4.05,39.2,47.4,45.6,11.62,4.52,33.5,46.7,82,11.96,4.25,35.9,87.4,57,11.34,3.24,41.6,60.4,45,11.43,4.03,35.4,48
9/5/2026,03:45:00,35.2,11.42,4.33,36.5,36.2,45.3,11.37,4.03,38.4,47.1,45,11.65,4.68,34.3,46,84.5,11.98,4.24,36.8,90,59.6,11.4,3.27,40.3,63.5,44.5,11.44,4.1,35.8,48.2
9/5/2026,03:50:00,34.1,11.37,4.25,36.8,36.3,44.3,11.37,3.85,39.1,45.1,44.4,11.69,4.48,33.7,45.8,87.2,12.06,4.34,35.2,92.4,62.1,11.41,3.5,40.8,64.8,44,11.42,4.3,35.2,45.6
9/5/2026,03:55:00,32.6,11.36,4.11,36.6,34.7,43.1,11.38,3.86,37.8,45.8,43.9,11.65,4.51,34.2,46.5,89.9,12.15,4.36,35.3,93.6,64.5,11.45,3.25,41.2,67.3,43.9,11.47,4.12,35.8,44.9
9/5/2026,04:00:00,31.2,11.3,4.27,38.1,32.6,42.8,11.33,3.9,37.8,44.2,42.9,11.61,4.69,34.4,43.9,92.2,12.15,4.28,35.8,96.3,66.8,11.48,3.41,40.6,68.9,43.9,11.4,4.3,34.9,46.7
9/5/2026,04:05:00,30.8,11.27,4.18,37.6,31.2,41.9,11.29,3.99,39.2,42.7,42.8,11.56,4.5,35.1,43.6,94.7,12.17,4.43,34.6,100,69.3,11.55,3.55,40.1,73.8,43.6,11.48,4.02,35,46.5
9/5/2026,04:10:00,30.2,11.27,4.06,38.3,32.2,41.2,11.31,4.09,39.6,42.6,41.7,11.61,4.67,34.8,42.8,97.4,12.27,4.55,35.6,100,71.8,11.64,3.43,41.1,76.6,43.6,11.48,4.01,35,44.3
9/5/2026,04:15:00,29.5,11.28,4.22,37.7,31,40,11.25,3.92,39.6,41.9,41.4,11.55,4.62,34.2,42.7,96.8,12.23,4.38,34.9,100,74.5,11.67,3.54,39.1,79.6,42.8,11.39,4.16,36,43.6
9/5/2026,04:20:00,31.9,11.34,4.28,37.9,33.5,39.2,11.27,3.96,38.2,42.4,40.9,11.53,4.5,35.3,43.1,96.2,12.26,4.6,35.4,100,77.1,11.68,3.59,40.1,80,41.8,11.37,4.09,35.3,43.9
9/5/2026,04:25:00,34.4,11.34,4.16,36.5,35,38.8,11.25,3.97,38.6,41.2,40.3,11.55,4.46,34.8,42.7,95.6,12.21,4.46,34.9,100,79.5,11.69,3.65,39.2,84.2,41.2,11.45,4.09,36.5,43.4
9/5/2026,04:30:00,36.8,11.37,4.17,37.1,38.2,38.5,11.27,3.97,39.1,40.5,39.5,11.57,4.65,35.2,40.7,94.9,12.22,4.35,35.1,99,82,11.8,3.5,39.3,86.7,40.5,11.34,3.98,36.6,42.2
9/5/2026,04:35:00,39.3,11.43,4.31,37.4,42.4,37,11.19,3.82,38.6,39.1,38.4,11.5,4.58,34.1,40.7,94.5,12.17,4.41,34.9,98.8,84.3,11.84,3.51,40.1,89.5,40.3,11.39,3.98,35.6,42.6
9/5/2026,04:40:00,41.9,11.52,4.34,36.4,43.4,36.6,11.25,3.99,39.8,38,37.6,11.48,4.35,34,39.5,94.5,12.22,4.41,35.2,99.5,87,11.82,3.65,39,90.8,40,11.42,4.18,35.5,42.2
9/5/2026,04:45:00,44.6,11.58,4.46,37.2,47.5,35.4,11.19,3.81,38.5,36.2,37,11.45,4.42,34.2,40.2,93.9,12.19,4.31,35.9,98.6,89.5,11.88,3.82,38.8,93.7,39.8,11.35,4.17,35.6,42.8
9/5/2026,04:50:00,47.1,11.56,4.36,36.6,48.3,33.5,11.14,3.74,39.2,35.9,37,11.45,4.48,35.8,40.2,93,12.21,4.27,35.3,97.5,92.1,11.93,3.82,39.6,97.5,39,11.33,4.13,35.2,42
9/5/2026,04:55:00,49.5,11.61,4.42,35.3,50.8,33.1,11.19,3.91,39,35.7,36.4,11.47,4.5,35,37.9,91.9,12.17,4.39,36.1,97.6,94.4,11.96,3.87,38.9,97.6,38.6,11.39,3.96,35.4,39.6
9/5/2026,05:00:00,52.2,11.67,4.52,35.3,55.3,32.8,11.18,3.73,39.7,33.7,35.7,11.43,4.48,34.4,37.6,91.5,12.13,4.52,36.2,97,96.9,12.05,3.8,37.6,100,38.1,11.31,4.13,36.2,40.9
9/5/2026,05:05:00,54.6,11.7,4.41,36.3,57.1,31.6,11.15,3.89,38.7,32.3,35.8,11.48,4.43,35.6,37.9,90.7,12.11,4.24,35.9,95.9,96.4,12.03,3.71,38.8,99.9,37.8,11.33,4.07,36.3,39.2
9/5/2026,05:10:00,57,11.79,4.39,36,60.8,31.4,11.11,3.77,38.6,32.7,34.8,11.45,4.39,36.1,37.1,89.4,12.08,4.25,36.5,94.8,95.5,11.97,3.75,39.1,99.7,37.4,11.36,4.07,35.1,40.7
9/5/2026,05:15:00,59.4,11.88,4.5,34.3,63,30.7,11.06,3.79,38.9,30.9,34.4,11.46,4.45,35.2,34.8,88.8,12.09,4.22,36.8,94.2,94.9,11.98,3.62,37.4,99.1,36.6,11.32,4.05,35.7,38
9/5/2026,05:20:00,62.1,11.89,4.52,34.8,66.1,29.1,11.07,3.83,40.5,29.5,33.4,11.47,4.36,35,34.6,87.8,12.09,4.27,35.2,93.2,93.3,11.97,3.6,39.4,98.6,35.8,11.32,3.95,37,37.3
9/5/2026,05:25:00,64.7,11.96,4.52,34.3,67.1,31.7,11.1,3.94,40,33.2,32.2,11.4,4.45,34.7,34.3,87.1,12.04,4.22,36,92.3,92.8,11.96,3.75,37.8,97,35.2,11.31,4,36.1,37.9
9/5/2026,05:30:00,67.2,11.94,4.77,35.2,71.3,34.4,11.17,3.77,38.5,37.1,31,11.34,4.35,35.4,33.1,85.7,12.07,4.21,36.2,89.5,91.3,11.93,3.6,39.5,95.3,34.4,11.22,3.87,35.7,35.9
9/5/2026,05:35:00,69.7,12.07,4.8,33.7,73.2,37,11.21,3.87,39.6,40.3,30.4,11.38,4.29,35.7,30.6,85.1,11.99,4.18,35.4,89.6,90.6,11.88,3.62,39.4,94.4,34.3,11.25,4.04,36.2,36.3
9/5/2026,05:40:00,72.1,12.11,4.9,34.3,74.5,39.6,11.29,4.08,38.4,41.7,30,11.34,4.46,36,30.7,84.4,12,4.41,36.1,88.8,89.4,11.91,3.75,38.8,94.4,33.1,11.25,4,35.7,35.1
9/5/2026,05:45:00,74.5,12.13,4.91,33.3,77,42.2,11.29,4.06,38.5,45.4,30,11.36,4.45,35.8,31.8,83.3,11.98,4.19,35.4,87.4,88.4,11.85,3.75,38.7,92.7,32,11.18,3.98,35.6,32.5
9/5/2026,05:50:00,76.9,12.11,4.75,32.9,80.3,44.6,11.33,4.04,38.7,47.3,29.6,11.4,4.4,36.4,31.3,82.7,11.94,4.37,36.4,85.5,87.2,11.84,3.65,39.4,92.3,31.8,11.26,3.94,35.9,34.2
9/5/2026,05:55:00,79.4,12.25,4.84,33,83.2,47.3,11.47,4.18,37.9,50.2,32.1,11.38,4.29,35.1,35.1,82.1,11.97,4.24,37.3,86.5,85.5,11.79,3.53,40.1,91,31.4,11.24,3.96,36.9,32.1
9/5/2026,06:00:00,81.9,12.29,4.89,33.3,85.4,49.7,11.46,3.99,37.4,51.5,34.4,11.5,4.4,35.2,37.2,81,11.95,4.21,36.8,83.7,85,11.81,3.78,38.6,87.9,31.4,11.18,3.92,37.2,32.9
9/5/2026,06:05:00,84.4,12.35,5.09,33.8,89.6,52.3,11.54,4,36.9,56.1,37.1,11.46,4.36,35,40,80.5,11.89,4.31,36.9,84.3,84,11.79,3.47,39.8,87.7,30.5,11.17,4.06,35.7,32.7
9/5/2026,06:10:00,87.1,12.38,4.9,32.1,90.4,54.8,11.58,4.3,37.7,57.2,39.6,11.53,4.58,34.4,42.4,80.5,11.98,4.24,35.6,85.6,83.1,11.83,3.66,40,85.8,30.3,11.21,4.06,37,32.2
9/5/2026,06:15:00,89.6,12.43,5.15,32.8,94.5,57.4,11.56,4.08,38.3,59.4,42.1,11.65,4.41,33.7,43.1,80.2,11.93,4.24,35.6,83.8,82.9,11.81,3.47,38.4,88.1,28.9,11.2,3.79,36.6,31.4
9/5/2026,06:20:00,92.2,12.49,5.07,31.7,96.9,60.1,11.63,4.17,36.6,64.5,44.6,11.6,4.69,34.4,47.3,80.1,11.97,4.14,36.2,84.3,82.4,11.82,3.74,39.5,85.7,31.3,11.17,3.95,36,33.4
9/5/2026,06:25:00,94.5,12.45,5.1,31.8,98.3,62.6,11.68,4.3,36.3,66.8,47.1,11.68,4.52,34.3,49.1,79.6,11.96,4.36,36.1,82.8,81.7,11.79,3.49,40.1,86.4,33.7,11.23,4.09,35.6,35.1
9/5/2026,06:30:00,96.8,12.55,5.18,33.2,100,65.1,11.73,4.43,37.1,69.7,49.5,11.75,4.64,33.2,52,79.3,11.88,4.11,36.5,82.7,80.6,11.77,3.57,39.5,83.4,36.1,11.3,3.91,37,37
9/5/2026,06:35:00,96,12.5,5.08,31.9,100,67.8,11.85,4.21,37.4,72.1,52.1,11.77,4.82,33.5,53.9,78.2,11.88,4.1,37,82.1,80.3,11.72,3.59,38.9,84.6,38.7,11.33,4.08,36.7,40.8
9/5/2026,06:40:00,95.6,12.48,5.22,32.3,100,70.3,11.89,4.45,36.2,73.5,54.6,11.84,4.82,34.4,57.6,77.7,11.93,4.05,36.5,83,79.6,11.71,3.59,39.6,82.4,41.2,11.38,4.2,36.4,43.8
9/5/2026,06:45:00,95.7,12.48,5.09,32.7,100,73,11.94,4.36,36.5,75.9,57,11.84,4.84,33.5,60.1,77.6,11.91,4.07,37.8,82.4,79.4,11.69,3.57,38.9,83.4,43.5,11.42,4.06,35.2,44.5
9/5/2026,06:50:00,95.2,12.52,5.02,32.5,99.4,75.6,11.95,4.53,35,80.9,59.4,11.88,4.93,33.8,61.4,77,11.86,4.32,36.4,81.3,79,11.71,3.47,39.7,82,46.2,11.5,4.29,35.5,48.4
9/5/2026,06:55:00,95.3,12.49,5.08,32.3,100,78,11.94,4.6,35.1,81.4,62.1,12.02,4.73,33.6,64.9,75.9,11.84,4.19,36.8,79.2,78,11.73,3.56,39.3,80.5,48.8,11.55,4.11,34.7,50.7
9/5/2026,07:00:00,94.3,12.49,5.12,32.3,98.2,80.3,12.07,4.43,36.2,85.7,64.6,12.03,4.78,32.3,68.9,75.5,11.83,4.03,36.1,78.3,78,11.73,3.47,39.4,83.4,51.2,11.58,4.25,34.8,52.8
9/5/2026,07:05:00,93.9,12.5,4.97,31.8,98.5,82.8,12.07,4.5,35.6,86.5,67.1,12.03,5.03,32.8,71.6,75.3,11.89,4.13,37.1,78.3,77.1,11.65,3.61,39.5,81.5,53.6,11.68,4.19,33.9,54.8
9/5/2026,07:10:00,93.3,12.46,5.16,33,97.3,85.2,12.09,4.66,35.4,89.7,69.6,12.09,4.96,33.4,72.3,75,11.83,4.27,36.2,77.3,75.9,11.69,3.51,39.3,78.4,56,11.69,4.33,34.1,59.8
9/5/2026,07:15:00,92.3,12.5,5.23,32.1,97.8,87.8,12.14,4.57,34.8,93.3,72,12.13,4.92,33,75.3,73.9,11.77,4.03,37.1,77.9,75.5,11.62,3.55,40.3,79.3,58.5,11.7,4.23,33.6,61.9
9/5/2026,07:20:00,91.3,12.42,5.18,32.2,97.1,90.2,12.21,4.54,34.1,95,74.6,12.22,5.04,32.8,78.1,73.7,11.79,4.22,37.1,78.4,75.1,11.61,3.54,39.5,77.7,61.2,11.77,4.51,33.4,65
9/5/2026,07:25:00,90.9,12.39,4.98,32.8,96.3,92.8,12.31,4.61,35.5,97.9,76.9,12.29,5.18,32.3,79.8,72.8,11.84,4.2,37.5,77.8,74.4,11.6,3.49,39.7,79.2,63.7,11.78,4.51,33,67.7
9/5/2026,07:30:00,89.6,12.42,5.15,32.1,93.4,95.3,12.35,4.6,34.5,100,79.5,12.27,5.28,30.7,83.8,71.8,11.74,3.98,36.4,76.2,74.3,11.64,3.47,39.3,78.5,66,11.82,4.39,34.3,68.8
9/5/2026,07:35:00,89.3,12.42,4.9,32.2,94.3,94.9,12.28,4.67,35.4,99.8,82.1,12.39,5.08,30.8,85.9,71.3,11.72,4.23,38.1,73.4,73.7,11.66,3.64,40.6,78.6,68.5,11.9,4.42,32.9,71.1
9/5/2026,07:40:00,88.9,12.37,4.88,32.7,93.7,93.6,12.3,4.56,33.9,98.1,84.7,12.37,5.22,31.4,87.4,71.2,11.73,4.2,38,76.3,73.2,11.57,3.41,39.4,75.5,71,11.96,4.65,33.6,74.3
9/5/2026,07:45:00,88.8,12.38,5.09,33.6,92.4,92.1,12.26,4.83,35.2,95.8,87.3,12.47,5.36,30.6,91.2,70.2,11.75,4.19,36.4,75.1,72.4,11.59,3.39,40,77,73.4,12.01,4.52,34,76.2
9/5/2026,07:50:00,88.4,12.41,5.12,32.7,93.5,91.6,12.24,4.63,34.3,96.1,89.9,12.48,5.34,31.3,95.1,70.2,11.71,4.11,37.1,74.4,71.6,11.63,3.56,40.7,76,75.7,12.06,4.51,33.4,79.7
9/5/2026,07:55:00,87,12.37,4.89,33.7,92.2,91.3,12.26,4.72,35.1,95.6,92.5,12.6,5.26,30,96.4,69.7,11.72,4.11,37.3,73.3,70.6,11.6,3.47,40.3,74.6,78,12.1,4.68,33.5,83.1